{
  "n_days": 951,
  "target_delta": 0.2,
  "entry": "ask at 09:45",
  "exit": "bid at 15:55 or stop hit",
  "by_stop_level": {
    "none": {
      "n": 951,
      "win_rate": 0.187,
      "profit_factor": 0.973,
      "stopped_rate": null,
      "wins": {
        "n": 178,
        "median": 2.979166666666667,
        "mean": 3.961256710993743,
        "p10": 0.39448529411764716,
        "p90": 8.339535798583793
      },
      "losses": {
        "n": 773,
        "median": -0.9965517241379311,
        "mean": -0.9379310194351944,
        "p10": -0.9981411600279525,
        "p90": -0.8216249999999995
      },
      "overall": {
        "n": 951,
        "median": -0.9960000000000001,
        "mean": -0.020943200280251293,
        "p10": -0.9980392156862745,
        "p90": 2.4705882352941178
      }
    },
    "stop-40": {
      "n": 951,
      "win_rate": 0.097,
      "profit_factor": 1.282,
      "stopped_rate": 0.898,
      "wins": {
        "n": 92,
        "median": 3.7844444444444445,
        "mean": 4.777195154667076,
        "p10": 0.6608974358974358,
        "p90": 9.714705882352945
      },
      "losses": {
        "n": 859,
        "median": -0.4,
        "mean": -0.39920994116522884,
        "p10": -0.4,
        "p90": -0.4
      },
      "overall": {
        "n": 951,
        "median": -0.4,
        "mean": 0.10155690301623493,
        "p10": -0.4,
        "p90": -0.30487804878048774
      }
    },
    "stop-60": {
      "n": 951,
      "win_rate": 0.129,
      "profit_factor": 1.108,
      "stopped_rate": 0.855,
      "wins": {
        "n": 123,
        "median": 3.1960784313725488,
        "mean": 4.441681879839778,
        "p10": 0.5303090727816552,
        "p90": 8.556
      },
      "losses": {
        "n": 828,
        "median": -0.6,
        "mean": -0.5952505042868472,
        "p10": -0.6,
        "p90": -0.6
      },
      "overall": {
        "n": 951,
        "median": -0.6,
        "mean": 0.05621393656233757,
        "p10": -0.6,
        "p90": 1.2363636363636366
      }
    },
    "stop-100": {
      "n": 951,
      "win_rate": 0.187,
      "profit_factor": 0.973,
      "stopped_rate": 0.0,
      "wins": {
        "n": 178,
        "median": 2.979166666666667,
        "mean": 3.961256710993743,
        "p10": 0.39448529411764716,
        "p90": 8.339535798583793
      },
      "losses": {
        "n": 773,
        "median": -0.9965517241379311,
        "mean": -0.9379310194351944,
        "p10": -0.9981411600279525,
        "p90": -0.8216249999999995
      },
      "overall": {
        "n": 951,
        "median": -0.9960000000000001,
        "mean": -0.020943200280251293,
        "p10": -0.9980392156862745,
        "p90": 2.4705882352941178
      }
    }
  },
  "joey_comparison": {
    "joey_claim": {
      "loss_cap": -0.4,
      "typical_win_gross": 3.0
    },
    "empirical_at_stop40": {
      "median_loss": -0.4,
      "median_win": 3.7844444444444445,
      "p90_win": 9.714705882352945
    }
  }
}